Animal_ID,Cg1
f1,0.248376210292754
f2,0.377126631087375
f3,0.337512724659521
f4,0.396599867026939
f5,0.210027368771398
f6,0.332097665672848
f7,0.259089196402233